"#","Reference","Qty","Value","Footprint","DNP"
"1","C1, C4, C5, C6, C7, C8, C10, C12, C14, C18, C20, C23, C24, C25, C26, C27, C28, C29, C30, C31, C32, C38, C39, C41, C42, C45, C46, C52, C54, C55, C58, C62, C63, C68, C71, C72, C76, C93, C113, C141, C142, C143, C144, C145, C146, C166, C167, C168, C169, C170, C171, C180, C182","53","100n","Capacitor_SMD:C_0402_1005Metric",""
"2","C2, C3, C16, C17, C19, C33, C34, C35, C36, C37, C43, C53, C90, C91, C92, C94, C99, C110, C111, C112, C114, C119, C132, C135, C140, C157, C160, C165, C181","29","1u 16V","Capacitor_SMD:C_0603_1608Metric",""
"3","C9, C49, C50, C51, C56, C73, C74, C75, C77, C78, C79","11","10u","Capacitor_SMD:C_0805_2012Metric",""
"4","C11, C13, C60, C149, C174","5","4u7 16V","Capacitor_SMD:C_0603_1608Metric",""
"5","C15, C80, C81, C86, C87, C88, C89, C97, C98, C108, C109, C117, C118, C128, C129, C133, C134, C138, C139, C158, C159, C163, C164","23","10n","Capacitor_SMD:C_0402_1005Metric",""
"6","C21, C22","2","6p8","Capacitor_SMD:C_0402_1005Metric",""
"7","C40, C44, C57, C59, C61, C64, C65, C67, C70, C147, C172","11","10u 16V","Capacitor_SMD:C_0805_2012Metric",""
"8","C47, C48, C95, C96, C100, C101, C102, C103, C104, C105, C106, C107, C115, C116, C120, C121, C122, C123, C124, C125, C126, C127, C130, C131, C136, C137, C151, C152, C153, C154, C155, C156, C161, C162, C176, C177, C178, C179","38","330p","Capacitor_SMD:C_0402_1005Metric",""
"9","C66, C69, C148, C173","4","100uF 16V","Capacitor_SMD:CP_Elec_6.3x5.2",""
"10","C82, C83","2","47p","Capacitor_SMD:C_0402_1005Metric",""
"11","C84, C85","2","2.2n","Capacitor_SMD:C_0402_1005Metric",""
"12","D1, D2, D3, D8, D9, D10","6","LED","LED_SMD:LED_0402_1005Metric",""
"13","D4, D5","2","ESD5Zxx","Diode_SMD:D_SOD-523",""
"14","D6, D7, D17, D18, D21, D22, D25, D26, D31, D32, D35, D36, D39, D40, D41, D42, D45, D46, D53, D54, D57, D58","22","ESD9B5.0ST5G","Diode_SMD:D_SOD-923",""
"15","D11, D12","2","FSV330AF","Diode_SMD:D_SOD-128",""
"16","D13, D14, D15, D16, D19, D20, D23, D24, D27, D28, D29, D30, D33, D34, D37, D38, D43, D44, D47, D48, D55, D56, D59, D60","24","BAT54S","Package_TO_SOT_SMD:SOT-23",""
"17","D49, D50, D51, D52, D61, D62, D63, D64","8","SD12_SOD323","Diode_SMD:D_SOD-323",""
"18","D65","1","Inolux_IN-PI554FCH","LED_SMD:LED_Inolux_IN-PI554FCH_PLCC4_5.0x5.0mm_P3.2mm",""
"19","F1, F2","2","8V 2A","Resistor_SMD:R_1812_4532Metric",""
"20","F3, F4, F5, F6, F7, F8, F9, F10","8","30mA","Resistor_SMD:R_0603_1608Metric",""
"21","J1","1","DF11-10DP-2DSA","Connector_JST:JST_PHD_B10B-PHDSS_2x05_P2.00mm_Vertical",""
"22","J2","1","Raspberry_Pi_2_3","Connector_PinHeader_2.54mm:PinHeader_2x20_P2.54mm_Vertical",""
"23","J3","1","USB_C_Receptacle_USB2.0","Connector_USB:USB_C_Receptacle_Palconn_UTC16-G",""
"24","J4","1","Conn_01x02","Connector_JST:JST_PH_B2B-PH-K_1x02_P2.00mm_Vertical",""
"25","J7, J8, J9, J10, J11, J12, J13, J14","8","RJ12","Connector_RJ:RJ12_Amphenol_54601",""
"26","L1","1","1.2uH 6.5A","Inductor_SMD:L_Chilisin_BMRA00050520",""
"27","L2, L3","2","6.8uH 3.6A","Inductor_SMD:L_Ferrocore_DLG-0504",""
"28","Q1, Q2, Q3, Q5, Q6, Q9, Q10, Q11, Q12, Q17, Q18","11","BSS84","Package_TO_SOT_SMD:SOT-23",""
"29","Q4, Q7, Q8, Q13, Q15, Q16, Q19, Q20, Q27, Q28, Q29, Q30, Q31, Q32, Q33, Q34, Q35, Q36, Q37","19","2N7002","Package_TO_SOT_SMD:SOT-23",""
"30","R1, R2, R3, R4, R6, R7, R8, R13, R14, R15, R16, R17, R18, R19, R20, R31, R33, R39, R40, R41, R43, R51, R53, R55, R57, R61, R62, R65, R68, R70, R71, R72, R73, R74, R75, R84, R85, R90, R91, R92, R93, R94, R95, R96, R97, R110, R111, R112, R114, R124, R125, R134, R135, R140, R141, R142, R143, R144, R145, R146, R147, R160, R161, R162, R164","65","10K","Resistor_SMD:R_0402_1005Metric",""
"31","R5, R9, R29, R30, R32, R34, R36, R37, R38, R44, R46, R48, R49, R52, R152","15","22","Resistor_SMD:R_0402_1005Metric",""
"32","R10, R11, R12, R23, R24, R25, R35, R50, R78, R79, R80, R81, R100, R101, R104, R105, R107, R109, R113, R115, R128, R129, R130, R131, R150, R151, R153, R163, R165, R184, R185, R198, R199, R202, R203, R204, R205, R206, R219, R220, R233, R234, R237, R238, R239, R240","46","330","Resistor_SMD:R_0402_1005Metric",""
"33","R26, R27, R45, R47, R54, R56, R69, R86, R87, R120, R121, R136, R137, R170, R171, R178, R179, R192, R193, R213, R214, R227, R228","23","2K4","Resistor_SMD:R_0402_1005Metric",""
"34","R42, R116, R118, R166, R168","5","220K","Resistor_SMD:R_0402_1005Metric",""
"35","R58, R76, R77, R82, R83, R98, R99, R102, R103, R106, R108, R117, R119, R126, R127, R132, R133, R148, R149, R154, R167, R169, R174, R175, R180, R181, R186, R187, R188, R189, R194, R195, R200, R201, R209, R210, R215, R216, R221, R222, R223, R224, R229, R230, R235, R236","46","100K","Resistor_SMD:R_0402_1005Metric",""
"36","R59, R67","2","29K4","Resistor_SMD:R_0402_1005Metric",""
"37","R60, R63, R64, R66","4","51K","Resistor_SMD:R_0402_1005Metric",""
"38","R88, R89, R122, R123, R138, R139, R172, R173, R176, R177, R182, R183, R190, R191, R196, R197, R211, R212, R217, R218, R225, R226, R231, R232","24","4K7","Resistor_SMD:R_0402_1005Metric",""
"39","R207, R208, R242, R243","4","0.43","Resistor_SMD:R_0805_2012Metric",""
"40","SW1, SW2, SW3, SW5","4","SW_Omron_B3FS","Button_Switch_SMD:SW_Push_1P1T_NO_6x6mm_H9.5mm",""
"41","U1","1","LSM6DSL","Package_LGA:LGA-14_3x2.5mm_P0.5mm_LayoutBorder3x4y",""
"42","U2","1","STM32L496ZGTx","Package_QFP:LQFP-144_20x20mm_P0.5mm",""
"43","U3","1","SSD1306","SSD1306:128x64OLED",""
"44","U4","1","W25X40CLSS","Package_SO:SOIC-8_5.275x5.275mm_P1.27mm",""
"45","U5","1","FUSB302B01MPX","Package_DFN_QFN:WQFN-14-1EP_2.5x2.5mm_P0.5mm_EP1.45x1.45mm",""
"46","U6","1","BQ25601","Package_DFN_QFN:Texas_S-PWQFN-N24_EP2.7x2.7mm_ThermalVias",""
"47","U7","1","AP2127K-3.3","Package_TO_SOT_SMD:SOT-23-5",""
"48","U8, U9","2","PAM2423AECADJR","Package_SO:SOIC-8-1EP_3.9x4.9mm_P1.27mm_EP2.29x3mm_ThermalVias",""
"49","U10, U11, U12, U18","4","LMV324","Package_SO:SOIC-14_3.9x8.7mm_P1.27mm",""
"50","U13, U14, U15, U16, U19, U20, U21, U22","8","SN74LVC1G14DBV","Package_TO_SOT_SMD:SOT-23-5",""
"51","U17, U23","2","DRV8833PWP","Package_SO:HTSSOP-16-1EP_4.4x5mm_P0.65mm_EP3.4x5mm_Mask2.46x2.31mm_ThermalVias",""
"52","Y2","1","8Z-24.000MAAJ-T","Crystal:Crystal_SMD_Abracon_ABM10-4Pin_2.5x2.0mm",""
